topic,tone,minutes,profile,status,youtube_id
O assassino serial mais perturbador da história do Brasil,suspense e terror,8,br_dark,,
Experimentos científicos proibidos que aconteceram de verdade,investigativo e chocante,10,br_dark,,
Os crimes mais bizarros nunca explicados pela ciência,mistério e curiosidade,9,br_dark,,
Lugares malditos que as pessoas desaparecem e nunca voltam,terror e suspense,8,br_dark,,
A verdade sombria por trás das lendas urbanas brasileiras,revelação e choque,10,br_dark,,
Casos de desaparecimento inexplicáveis que a polícia nunca resolveu,investigativo,9,br_dark,,
O lado obscuro de personalidades famosas que ninguém fala,revelação e polêmica,8,br_dark,,
Rituais proibidos que foram praticados em segredo no Brasil,terror e mistério,10,br_dark,,
A história real por trás do crime que dividiu o Brasil,suspense dramático,9,br_dark,,
Fenômenos sobrenaturais documentados pela ciência moderna,curiosidade e medo,8,br_dark,,
The most disturbing unsolved serial killer case in American history,suspenseful and mysterious,8,us_dark,,
The dark truth behind America's most haunted locations,dark and investigative,9,us_dark,,
The most shocking conspiracy that turned out to be true,revealing and shocking,10,us_dark,,
The untold story of the most brutal crime in US history,dramatic suspense,8,us_dark,,
How I turned $1000 into $100000 investing in the S&P 500,educational and motivational,8,us_finance,,
The 5 investing mistakes that cost people millions every year,informative and cautionary,9,us_finance,,
Os 10 gols mais bonitos do Brasileirão em 2026,empolgante e nostálgico,8,br_sports,,
A história do maior campeão do futebol brasileiro,inspirador e dramático,10,br_sports,,
5 dicas de investimento que todo brasileiro deveria saber,educativo e prático,8,br_finance,,
Le crime parfait qui a fasciné toute la France pendant des années,sombre et mystérieux,9,fr_dark,,
Der ungelöste Mordfall der ganz Deutschland erschütterte,spannend und investigativ,9,de_dark,,
El crimen sin resolver que paralizó a España,oscuro y misterioso,9,es_dark,,
